{"cameraMode":{"drawMode":0,"name":"Shaded","section":"Shading Mode"},"sceneLighting":true,"audioPlay":false,"sceneViewState":{"m_AlwaysRefresh":false,"showFog":false,"showSkybox":false,"showFlares":false,"showImageEffects":true,"showParticleSystems":false,"showVisualEffectGraphs":true,"m_FxEnabled":true},"in2DMode":false,"pivot":{"x":-17.031633377075197,"y":19.470211029052736,"z":404.7461242675781},"rotation":{"x":0.17640087008476258,"y":0.17582909762859345,"z":-0.03217504173517227,"w":0.9678541421890259},"size":1.4313737154006959,"orthographic":false}