{"cameraMode":{"drawMode":0,"name":"Shaded","section":"Shading Mode"},"sceneLighting":true,"audioPlay":false,"sceneViewState":{"m_AlwaysRefresh":false,"showFog":false,"showSkybox":false,"showFlares":false,"showImageEffects":true,"showParticleSystems":false,"showVisualEffectGraphs":true,"m_FxEnabled":true},"in2DMode":false,"pivot":{"x":-0.23674574494361878,"y":4.778987884521484,"z":-6.728541851043701},"rotation":{"x":0.14375081658363343,"y":-0.024344198405742646,"z":0.0032875691540539266,"w":0.9891901612281799},"size":0.20370866358280183,"orthographic":false}