{"cameraMode":{"drawMode":0,"name":"Shaded","section":"Shading Mode"},"sceneLighting":true,"audioPlay":false,"sceneViewState":{"m_AlwaysRefresh":false,"showFog":false,"showSkybox":false,"showFlares":false,"showImageEffects":true,"showParticleSystems":false,"showVisualEffectGraphs":true,"m_FxEnabled":true},"in2DMode":false,"pivot":{"x":-0.1243959367275238,"y":4.883898735046387,"z":-0.28609755635261538},"rotation":{"x":0.16844427585601808,"y":-0.2660146951675415,"z":0.04700807109475136,"w":0.9478498101234436},"size":0.8660253882408142,"orthographic":false}