{"cameraMode":{"drawMode":0,"name":"Shaded","section":"Shading Mode"},"sceneLighting":true,"audioPlay":false,"sceneViewState":{"m_AlwaysRefresh":false,"showFog":false,"showSkybox":false,"showFlares":false,"showImageEffects":true,"showParticleSystems":false,"showVisualEffectGraphs":true,"m_FxEnabled":true},"in2DMode":false,"pivot":{"x":0.09504032135009766,"y":-1.1137659549713135,"z":10.585823059082032},"rotation":{"x":0.1499152034521103,"y":-0.5315333604812622,"z":0.09566791355609894,"w":0.8280560374259949},"size":2.7799367904663088,"orthographic":false}