{"cameraMode":{"drawMode":0,"name":"Shaded","section":"Shading Mode"},"sceneLighting":true,"audioPlay":false,"sceneViewState":{"m_AlwaysRefresh":false,"showFog":false,"showSkybox":false,"showFlares":false,"showImageEffects":true,"showParticleSystems":false,"showVisualEffectGraphs":true,"m_FxEnabled":true},"in2DMode":false,"pivot":{"x":-0.30594897270202639,"y":5.409384250640869,"z":-5.576449394226074},"rotation":{"x":-0.3384615182876587,"y":0.029273327440023423,"z":-0.0014893356710672379,"w":-0.9401330351829529},"size":0.15648260712623597,"orthographic":false}