{"cameraMode":{"drawMode":0,"name":"Shaded","section":"Shading Mode"},"sceneLighting":true,"audioPlay":false,"sceneViewState":{"m_AlwaysRefresh":false,"showFog":false,"showSkybox":false,"showFlares":false,"showImageEffects":true,"showParticleSystems":false,"showVisualEffectGraphs":true,"m_FxEnabled":true},"in2DMode":false,"pivot":{"x":-0.5067539811134338,"y":4.584852695465088,"z":-6.312777042388916},"rotation":{"x":0.1318904161453247,"y":0.012791847810149193,"z":-0.001879311166703701,"w":0.9910613298416138},"size":0.24341335892677308,"orthographic":false}