{"cameraMode":{"drawMode":0,"name":"Shaded","section":"Shading Mode"},"sceneLighting":true,"audioPlay":false,"sceneViewState":{"m_AlwaysRefresh":false,"showFog":false,"showSkybox":false,"showFlares":false,"showImageEffects":true,"showParticleSystems":false,"showVisualEffectGraphs":true,"m_FxEnabled":true},"in2DMode":false,"pivot":{"x":-0.6929681897163391,"y":1.8023815155029297,"z":44.546409606933597},"rotation":{"x":0.22918418049812318,"y":-0.0033515708055347206,"z":-0.004851071629673243,"w":0.9729975461959839},"size":12.12435531616211,"orthographic":false}