{"cameraMode":{"drawMode":0,"name":"Shaded","section":"Shading Mode"},"sceneLighting":true,"audioPlay":false,"sceneViewState":{"m_AlwaysRefresh":false,"showFog":false,"showSkybox":false,"showFlares":false,"showImageEffects":true,"showParticleSystems":false,"showVisualEffectGraphs":true,"m_FxEnabled":true},"in2DMode":false,"pivot":{"x":-1.4727048873901368,"y":5.220582485198975,"z":-2.135359048843384},"rotation":{"x":0.05272023379802704,"y":0.03983316570520401,"z":-0.002418579999357462,"w":0.9976893067359924},"size":0.7767300605773926,"orthographic":false}