{"cameraMode":{"drawMode":0,"name":"Shaded","section":"Shading Mode"},"sceneLighting":true,"audioPlay":false,"sceneViewState":{"m_AlwaysRefresh":true,"showFog":true,"showSkybox":true,"showFlares":false,"showImageEffects":true,"showParticleSystems":true,"showVisualEffectGraphs":true,"m_FxEnabled":false},"in2DMode":false,"pivot":{"x":-22.41372299194336,"y":-1.1786863803863526,"z":385.29742431640627},"rotation":{"x":0.26147738099098208,"y":-0.09218018501996994,"z":0.02520648203790188,"w":0.9604697823524475},"size":14.407432556152344,"orthographic":false}