{"cameraMode":{"drawMode":0,"name":"Shaded","section":"Shading Mode"},"sceneLighting":true,"audioPlay":false,"sceneViewState":{"m_AlwaysRefresh":false,"showFog":false,"showSkybox":false,"showFlares":false,"showImageEffects":true,"showParticleSystems":false,"showVisualEffectGraphs":true,"m_FxEnabled":true},"in2DMode":false,"pivot":{"x":-2.1275765895843508,"y":-1.4044723510742188,"z":56.67055892944336},"rotation":{"x":0.2655818462371826,"y":-0.000002729934067247086,"z":0.000007191756594693288,"w":0.9640882015228272},"size":2.8165316581726076,"orthographic":false}