{"cameraMode":{"drawMode":0,"name":"Shaded","section":"Shading Mode"},"sceneLighting":true,"audioPlay":false,"sceneViewState":{"m_AlwaysRefresh":false,"showFog":false,"showSkybox":false,"showFlares":false,"showImageEffects":true,"showParticleSystems":false,"showVisualEffectGraphs":true,"m_FxEnabled":true},"in2DMode":false,"pivot":{"x":-3.4801201820373537,"y":3.4982149600982668,"z":-4.248478412628174},"rotation":{"x":0.20115049183368684,"y":0.12802791595458985,"z":-0.026534663513302804,"w":0.9708009958267212},"size":0.3491932451725006,"orthographic":false}