{"cameraMode":{"drawMode":0,"name":"Shaded","section":"Shading Mode"},"sceneLighting":true,"audioPlay":false,"sceneViewState":{"m_AlwaysRefresh":false,"showFog":false,"showSkybox":false,"showFlares":false,"showImageEffects":true,"showParticleSystems":false,"showVisualEffectGraphs":true,"m_FxEnabled":true},"in2DMode":false,"pivot":{"x":-1.6223771572113038,"y":5.255258560180664,"z":-2.056412935256958},"rotation":{"x":0.1763511300086975,"y":-0.009469861164689064,"z":0.0013766665942966939,"w":0.9841574430465698},"size":0.11915866285562515,"orthographic":false}