{"cameraMode":{"drawMode":0,"name":"Shaded","section":"Shading Mode"},"sceneLighting":true,"audioPlay":false,"sceneViewState":{"m_AlwaysRefresh":false,"showFog":false,"showSkybox":false,"showFlares":false,"showImageEffects":true,"showParticleSystems":false,"showVisualEffectGraphs":true,"m_FxEnabled":true},"in2DMode":false,"pivot":{"x":15.985906600952149,"y":35.23657989501953,"z":-26.156658172607423},"rotation":{"x":-0.25077012181282046,"y":0.14911450445652009,"z":-0.030284704640507699,"w":-0.9556220173835754},"size":3.4976439476013185,"orthographic":false}