{"cameraMode":{"drawMode":0,"name":"Shaded","section":"Shading Mode"},"sceneLighting":true,"audioPlay":false,"sceneViewState":{"m_AlwaysRefresh":false,"showFog":false,"showSkybox":false,"showFlares":false,"showImageEffects":true,"showParticleSystems":false,"showVisualEffectGraphs":true,"m_FxEnabled":true},"in2DMode":false,"pivot":{"x":42.57120895385742,"y":39.085784912109378,"z":1.3215303421020508},"rotation":{"x":0.21046777069568635,"y":-0.3268972635269165,"z":0.07492373138666153,"w":0.9182699918746948},"size":3.5013701915740969,"orthographic":false}