{"cameraMode":{"drawMode":0,"name":"Shaded","section":"Shading Mode"},"sceneLighting":true,"audioPlay":false,"sceneViewState":{"m_AlwaysRefresh":false,"showFog":false,"showSkybox":false,"showFlares":false,"showImageEffects":true,"showParticleSystems":false,"showVisualEffectGraphs":true,"m_FxEnabled":true},"in2DMode":false,"pivot":{"x":5.705094814300537,"y":9.071189880371094,"z":-10.654257774353028},"rotation":{"x":-0.18799811601638795,"y":0.13478808104991914,"z":-0.024466510862112047,"w":-0.9721506237983704},"size":3.4976439476013185,"orthographic":false}