{"cameraMode":{"drawMode":0,"name":"Shaded","section":"Shading Mode"},"sceneLighting":true,"audioPlay":false,"sceneViewState":{"m_AlwaysRefresh":false,"showFog":false,"showSkybox":false,"showFlares":false,"showImageEffects":true,"showParticleSystems":false,"showVisualEffectGraphs":true,"m_FxEnabled":true},"in2DMode":false,"pivot":{"x":0.1840231716632843,"y":3.5011284351348879,"z":-6.109727382659912},"rotation":{"x":0.19109658896923066,"y":-0.010959412902593613,"z":0.0016764835454523564,"w":0.9814109206199646},"size":1.398285984992981,"orthographic":false}