{"cameraMode":{"drawMode":0,"name":"Shaded","section":"Shading Mode"},"sceneLighting":true,"audioPlay":false,"sceneViewState":{"m_AlwaysRefresh":false,"showFog":false,"showSkybox":false,"showFlares":false,"showImageEffects":true,"showParticleSystems":false,"showVisualEffectGraphs":true,"m_FxEnabled":true},"in2DMode":false,"pivot":{"x":-1.9809194803237916,"y":1.7521660327911378,"z":-3.7227933406829836},"rotation":{"x":-0.2341223508119583,"y":-0.08853637427091599,"z":0.02142873778939247,"w":-0.9679806232452393},"size":0.41217583417892458,"orthographic":false}