{"cameraMode":{"drawMode":0,"name":"Shaded","section":"Shading Mode"},"sceneLighting":true,"audioPlay":false,"sceneViewState":{"m_AlwaysRefresh":false,"showFog":false,"showSkybox":false,"showFlares":false,"showImageEffects":true,"showParticleSystems":false,"showVisualEffectGraphs":true,"m_FxEnabled":true},"in2DMode":false,"pivot":{"x":3.2123606204986574,"y":6.920533180236816,"z":-18.306224822998048},"rotation":{"x":0.16493213176727296,"y":-0.11574883759021759,"z":0.018996842205524446,"w":0.9792385697364807},"size":0.5859723091125488,"orthographic":false}