{"cameraMode":{"drawMode":0,"name":"Shaded","section":"Shading Mode"},"sceneLighting":true,"audioPlay":false,"sceneViewState":{"m_AlwaysRefresh":false,"showFog":false,"showSkybox":false,"showFlares":false,"showImageEffects":true,"showParticleSystems":false,"showVisualEffectGraphs":true,"m_FxEnabled":true},"in2DMode":false,"pivot":{"x":-0.19107763469219209,"y":2.853756904602051,"z":-8.161091804504395},"rotation":{"x":0.0662425085902214,"y":0.011390742845833302,"z":-0.0009540861356072128,"w":0.9976213574409485},"size":0.24341335892677308,"orthographic":false}