{"cameraMode":{"drawMode":0,"name":"Shaded","section":"Shading Mode"},"sceneLighting":true,"audioPlay":false,"sceneViewState":{"m_AlwaysRefresh":false,"showFog":false,"showSkybox":false,"showFlares":false,"showImageEffects":true,"showParticleSystems":false,"showVisualEffectGraphs":true,"m_FxEnabled":true},"in2DMode":false,"pivot":{"x":2.973625898361206,"y":-4.357865810394287,"z":60.15495681762695},"rotation":{"x":0.19401125609874726,"y":0.023538272827863694,"z":-0.004654679447412491,"w":0.9806976914405823},"size":13.459073066711426,"orthographic":false}