{"cameraMode":{"drawMode":0,"name":"Shaded","section":"Shading Mode"},"sceneLighting":true,"audioPlay":false,"sceneViewState":{"m_AlwaysRefresh":false,"showFog":false,"showSkybox":false,"showFlares":false,"showImageEffects":true,"showParticleSystems":false,"showVisualEffectGraphs":true,"m_FxEnabled":true},"in2DMode":false,"pivot":{"x":0.7277064323425293,"y":3.730437994003296,"z":-9.028887748718262},"rotation":{"x":-0.08093589544296265,"y":0.0842309519648552,"z":-0.006818779744207859,"w":-0.9931900501251221},"size":0.02574504353106022,"orthographic":false}