{"cameraMode":{"drawMode":0,"name":"Shaded","section":"Shading Mode"},"sceneLighting":true,"audioPlay":false,"sceneViewState":{"m_AlwaysRefresh":false,"showFog":false,"showSkybox":false,"showFlares":false,"showImageEffects":true,"showParticleSystems":false,"showVisualEffectGraphs":true,"m_FxEnabled":true},"in2DMode":false,"pivot":{"x":1.1285600662231446,"y":9.996866226196289,"z":298.30047607421877},"rotation":{"x":0.33409383893013,"y":0.002875696634873748,"z":-0.009259529411792755,"w":0.9421326518058777},"size":19.833635330200197,"orthographic":false}