{"cameraMode":{"drawMode":0,"name":"Shaded","section":"Shading Mode"},"sceneLighting":true,"audioPlay":false,"sceneViewState":{"m_AlwaysRefresh":false,"showFog":false,"showSkybox":false,"showFlares":false,"showImageEffects":true,"showParticleSystems":false,"showVisualEffectGraphs":true,"m_FxEnabled":true},"in2DMode":false,"pivot":{"x":17.992156982421876,"y":15.052799224853516,"z":37.07771682739258},"rotation":{"x":0.15884284675121308,"y":-0.5799757838249207,"z":0.11654657125473023,"w":0.7904517650604248},"size":3.5013701915740969,"orthographic":false}