{"cameraMode":{"drawMode":0,"name":"Shaded","section":"Shading Mode"},"sceneLighting":true,"audioPlay":false,"sceneViewState":{"m_AlwaysRefresh":true,"showFog":true,"showSkybox":true,"showFlares":false,"showImageEffects":true,"showParticleSystems":true,"showVisualEffectGraphs":true,"m_FxEnabled":true},"in2DMode":false,"pivot":{"x":-7.759611129760742,"y":6.736433029174805,"z":-2.3117446899414064},"rotation":{"x":0.25398749113082888,"y":0.28246599435806277,"z":-0.07771950960159302,"w":0.9218941926956177},"size":3.5013701915740969,"orthographic":false}