{"cameraMode":{"drawMode":0,"name":"Shaded","section":"Shading Mode"},"sceneLighting":true,"audioPlay":false,"sceneViewState":{"m_AlwaysRefresh":false,"showFog":false,"showSkybox":false,"showFlares":false,"showImageEffects":true,"showParticleSystems":false,"showVisualEffectGraphs":true,"m_FxEnabled":true},"in2DMode":false,"pivot":{"x":-1.4133247137069703,"y":5.152742385864258,"z":-0.6773399114608765},"rotation":{"x":0.1408161222934723,"y":0.0038514593616127969,"z":-0.0008596082334406674,"w":0.989906907081604},"size":0.11764893680810929,"orthographic":false}