{"cameraMode":{"drawMode":0,"name":"Shaded","section":"Shading Mode"},"sceneLighting":true,"audioPlay":false,"sceneViewState":{"m_AlwaysRefresh":false,"showFog":false,"showSkybox":false,"showFlares":false,"showImageEffects":true,"showParticleSystems":false,"showVisualEffectGraphs":true,"m_FxEnabled":true},"in2DMode":false,"pivot":{"x":-4.253669738769531,"y":15.932677268981934,"z":-12.124859809875489},"rotation":{"x":0.23273973166942597,"y":0.05801443010568619,"z":-0.02036130428314209,"w":0.9702188968658447},"size":3.4976439476013185,"orthographic":false}