{"cameraMode":{"drawMode":0,"name":"Shaded","section":"Shading Mode"},"sceneLighting":true,"audioPlay":false,"sceneViewState":{"m_AlwaysRefresh":false,"showFog":false,"showSkybox":false,"showFlares":false,"showImageEffects":true,"showParticleSystems":false,"showVisualEffectGraphs":true,"m_FxEnabled":true},"in2DMode":false,"pivot":{"x":-4.560577869415283,"y":-15.48589038848877,"z":330.41802978515627},"rotation":{"x":-0.3679053783416748,"y":0.022266710177063943,"z":0.0003278521471656859,"w":-0.9291903376579285},"size":38.56549072265625,"orthographic":false}