{"cameraMode":{"drawMode":0,"name":"Shaded","section":"Shading Mode"},"sceneLighting":true,"audioPlay":false,"sceneViewState":{"m_AlwaysRefresh":false,"showFog":false,"showSkybox":false,"showFlares":false,"showImageEffects":true,"showParticleSystems":false,"showVisualEffectGraphs":true,"m_FxEnabled":true},"in2DMode":false,"pivot":{"x":12.227792739868164,"y":23.615385055541993,"z":373.3866882324219},"rotation":{"x":0.35622769594192507,"y":-0.13718877732753755,"z":0.04806361347436905,"w":0.9225932955741882},"size":12.12435531616211,"orthographic":false}