{"cameraMode":{"drawMode":0,"name":"Shaded","section":"Shading Mode"},"sceneLighting":true,"audioPlay":false,"sceneViewState":{"m_AlwaysRefresh":false,"showFog":false,"showSkybox":false,"showFlares":false,"showImageEffects":true,"showParticleSystems":false,"showVisualEffectGraphs":true,"m_FxEnabled":true},"in2DMode":false,"pivot":{"x":0.44906923174858096,"y":3.3606247901916506,"z":-6.566360950469971},"rotation":{"x":0.11851433664560318,"y":0.0053237671963870529,"z":-0.0011677161091938615,"w":0.9928759336471558},"size":0.2346232533454895,"orthographic":false}