{"cameraMode":{"drawMode":0,"name":"Shaded","section":"Shading Mode"},"sceneLighting":true,"audioPlay":false,"sceneViewState":{"m_AlwaysRefresh":false,"showFog":false,"showSkybox":false,"showFlares":false,"showImageEffects":true,"showParticleSystems":false,"showVisualEffectGraphs":true,"m_FxEnabled":true},"in2DMode":false,"pivot":{"x":0.8152430653572083,"y":-1.5309802293777466,"z":170.95103454589845},"rotation":{"x":0.0019361043814569712,"y":-0.01824479177594185,"z":-0.006429910194128752,"w":0.9994269013404846},"size":3.0640461444854738,"orthographic":false}