{"cameraMode":{"drawMode":0,"name":"Shaded","section":"Shading Mode"},"sceneLighting":true,"audioPlay":false,"sceneViewState":{"m_AlwaysRefresh":false,"showFog":false,"showSkybox":false,"showFlares":false,"showImageEffects":true,"showParticleSystems":false,"showVisualEffectGraphs":true,"m_FxEnabled":true},"in2DMode":false,"pivot":{"x":1.4274307489395142,"y":0.09170055389404297,"z":15.452340126037598},"rotation":{"x":0.2196052372455597,"y":0.06283460557460785,"z":-0.019318582490086557,"w":0.9729677438735962},"size":13.276169776916504,"orthographic":false}