{"cameraMode":{"drawMode":0,"name":"Shaded","section":"Shading Mode"},"sceneLighting":true,"audioPlay":false,"sceneViewState":{"m_AlwaysRefresh":true,"showFog":true,"showSkybox":true,"showFlares":false,"showImageEffects":true,"showParticleSystems":true,"showVisualEffectGraphs":true,"m_FxEnabled":false},"in2DMode":false,"pivot":{"x":10.306262016296387,"y":24.754718780517579,"z":409.5472412109375},"rotation":{"x":0.23782026767730714,"y":-0.25821709632873537,"z":0.06581796705722809,"w":0.9341559410095215},"size":2.9259891510009767,"orthographic":false}