{"cameraMode":{"drawMode":0,"name":"Shaded","section":"Shading Mode"},"sceneLighting":true,"audioPlay":false,"sceneViewState":{"m_AlwaysRefresh":false,"showFog":false,"showSkybox":false,"showFlares":false,"showImageEffects":true,"showParticleSystems":false,"showVisualEffectGraphs":true,"m_FxEnabled":true},"in2DMode":false,"pivot":{"x":-1.594280481338501,"y":0.06679348647594452,"z":2.496706485748291},"rotation":{"x":0.30014273524284365,"y":0.6693565249443054,"z":-0.34256166219711306,"w":0.5871941447257996},"size":0.059947043657302859,"orthographic":false}