{"cameraMode":{"drawMode":0,"name":"Shaded","section":"Shading Mode"},"sceneLighting":true,"audioPlay":false,"sceneViewState":{"m_AlwaysRefresh":false,"showFog":false,"showSkybox":false,"showFlares":false,"showImageEffects":true,"showParticleSystems":false,"showVisualEffectGraphs":true,"m_FxEnabled":true},"in2DMode":false,"pivot":{"x":0.3689767122268677,"y":8.766196250915528,"z":210.08151245117188},"rotation":{"x":0.27511483430862429,"y":-0.056759193539619449,"z":0.016201680526137353,"w":0.9592135548591614},"size":6.609033107757568,"orthographic":false}