{"cameraMode":{"drawMode":0,"name":"Shaded","section":"Shading Mode"},"sceneLighting":true,"audioPlay":false,"sceneViewState":{"m_AlwaysRefresh":true,"showFog":true,"showSkybox":true,"showFlares":false,"showImageEffects":true,"showParticleSystems":true,"showVisualEffectGraphs":true,"m_FxEnabled":false},"in2DMode":false,"pivot":{"x":2.0437803268432619,"y":42.00397872924805,"z":300.6226806640625},"rotation":{"x":-0.23237690329551698,"y":-0.14756174385547639,"z":0.035751696676015857,"w":-0.9607878923416138},"size":59.28810501098633,"orthographic":false}