{"cameraMode":{"drawMode":0,"name":"Shaded","section":"Shading Mode"},"sceneLighting":true,"audioPlay":false,"sceneViewState":{"m_AlwaysRefresh":false,"showFog":false,"showSkybox":false,"showFlares":false,"showImageEffects":true,"showParticleSystems":false,"showVisualEffectGraphs":true,"m_FxEnabled":true},"in2DMode":false,"pivot":{"x":0.011254995130002499,"y":3.1329939365386965,"z":-7.306232929229736},"rotation":{"x":0.10212112963199616,"y":-0.0065897679887712,"z":0.0001855486916610971,"w":0.9946845173835754},"size":0.5859723091125488,"orthographic":false}