{"cameraMode":{"drawMode":0,"name":"Shaded","section":"Shading Mode"},"sceneLighting":true,"audioPlay":false,"sceneViewState":{"m_AlwaysRefresh":true,"showFog":true,"showSkybox":true,"showFlares":false,"showImageEffects":true,"showParticleSystems":true,"showVisualEffectGraphs":true,"m_FxEnabled":false},"in2DMode":false,"pivot":{"x":-1.9159016609191895,"y":-2.6180028915405275,"z":11.066492080688477},"rotation":{"x":0.1758079081773758,"y":0.15029233694076539,"z":-0.02704979106783867,"w":0.9726238250732422},"size":11.903072357177735,"orthographic":false}